timestamp_utc,denver_local_hint,message_type,text
2026-07-17T05:37:14Z,05,reminder,"Routine Agent here. Water reminder! Reply here once you have had some and I will log it."
2026-07-17T12:37:15Z,12,reply,"Yes"
2026-07-17T12:37:15Z,12,morning,"Good morning!! I am Routine Agent. Time for your first water break of the day -- reply here once you have had some and I will log it."
2026-07-17T13:51:01Z,13,reply,"No"
2026-07-17T13:51:01Z,13,reminder,"Routine Agent here. Water reminder! Reply here once you have had some and I will log it."
2026-07-17T15:10:40Z,15,reply,"No"
2026-07-17T15:10:40Z,15,reminder,"Routine Agent here. Water reminder! Reply here once you have had some and I will log it."
2026-07-17T16:34:05Z,16,reply,"Yes"
2026-07-17T16:34:05Z,16,reminder,"Routine Agent here. Water reminder! Reply here once you have had some and I will log it."
2026-07-17T17:51:00Z,17,reminder,"Routine Agent here. Water reminder! Reply here once you have had some and I will log it."
2026-07-17T19:10:59Z,19,reminder,"Routine Agent here. Water reminder! Reply here once you have had some and I will log it."
2026-07-17T20:36:37Z,20,reply,"Yes"
2026-07-17T20:36:52Z,20,reminder,"Routine Agent here. Water reminder! Reply here once you have had some and I will log it."
2026-07-17T21:50:44Z,21,reminder,"Routine Agent here. Water reminder! Reply here once you have had some and I will log it."
2026-07-17T23:10:59Z,23,reminder,"Routine Agent here. Water reminder! Reply here once you have had some and I will log it."
2026-07-18T00:34:08Z,00,reply,"Yes"
2026-07-18T00:34:08Z,00,reminder,"Routine Agent here. Water reminder! Reply here once you have had some and I will log it."
2026-07-18T01:50:58Z,01,reply,"Yes"
2026-07-18T01:50:58Z,01,reminder,"Routine Agent here. Water reminder! Reply here once you have had some and I will log it."
2026-07-18T03:10:52Z,03,reply,"Yes"
2026-07-18T03:10:52Z,03,reminder,"Routine Agent here. Water reminder! Reply here once you have had some and I will log it."
2026-07-18T12:34:30Z,12,reply,"Yes"
2026-07-18T12:34:34Z,12,morning,"Good morning!! I am Routine Agent. Time for your first water break of the day -- reply here once you have had some and I will log it."
2026-07-18T13:50:41Z,13,reminder,"Routine Agent here. Water reminder! Reply here once you have had some and I will log it."
2026-07-18T15:10:42Z,15,reminder,"Routine Agent here. Water reminder! Reply here once you have had some and I will log it."
2026-07-18T17:50:57Z,17,reminder,"Routine Agent here. Water reminder! Reply here once you have had some and I will log it."
2026-07-18T19:10:44Z,19,reminder,"Routine Agent here. Water reminder! Reply here once you have had some and I will log it."
2026-07-18T20:33:57Z,20,reminder,"Routine Agent here. Water reminder! Reply here once you have had some and I will log it."
2026-07-18T21:50:50Z,21,reply,"Yes"
2026-07-18T21:50:50Z,21,reminder,"Routine Agent here. Water reminder! Reply here once you have had some and I will log it."
2026-07-19T02:25:45Z,02,reminder,"Routine Agent here. Water reminder! Reply here once you have had some and I will log it."
2026-07-19T02:59:03Z,02,reply,"Yes"
2026-07-19T02:59:03Z,02,reminder,"Routine Agent here. Water reminder! Reply here once you have had some and I will log it."
2026-07-19T03:10:56Z,03,reminder,"Routine Agent here. Water reminder! Reply here once you have had some and I will log it."
2026-07-19T04:10:50Z,04,reminder,"Routine Agent here. Water reminder! Reply here once you have had some and I will log it."
2026-07-19T12:34:00Z,12,reply,"Yes"
2026-07-19T12:34:00Z,12,morning,"Good morning!! I am Routine Agent. Time for your first water break of the day -- reply here once you have had some and I will log it."
2026-07-19T13:50:50Z,13,reminder,"Routine Agent here. Water reminder! Reply here once you have had some and I will log it."
2026-07-19T15:10:35Z,15,reminder,"Routine Agent here. Water reminder! Reply here once you have had some and I will log it."
2026-07-19T16:33:56Z,16,reply,"Yes"
2026-07-19T16:33:56Z,16,reminder,"Routine Agent here. Water reminder! Reply here once you have had some and I will log it."
2026-07-19T17:51:07Z,17,reminder,"Routine Agent here. Water reminder! Reply here once you have had some and I will log it."
2026-07-19T19:10:56Z,19,reminder,"Routine Agent here. Water reminder! Reply here once you have had some and I will log it."
2026-07-19T20:34:07Z,20,reminder,"Routine Agent here. Water reminder! Reply here once you have had some and I will log it."
2026-07-19T21:50:38Z,21,reminder,"Routine Agent here. Water reminder! Reply here once you have had some and I will log it."
2026-07-19T23:10:53Z,23,reply,"Yes"
2026-07-19T23:10:53Z,23,reminder,"Routine Agent here. Water reminder! Reply here once you have had some and I will log it."
2026-07-20T00:33:44Z,00,reminder,"Routine Agent here. Water reminder! Reply here once you have had some and I will log it."
2026-07-20T01:50:36Z,01,reminder,"Routine Agent here. Water reminder! Reply here once you have had some and I will log it."
2026-07-20T03:11:02Z,03,reply,"Yes"
2026-07-20T03:11:02Z,03,reminder,"Routine Agent here. Water reminder! Reply here once you have had some and I will log it."
2026-07-20T12:34:12Z,12,reply,"Yes"
2026-07-20T12:34:12Z,12,morning,"Good morning!! I am Routine Agent. Time for your first water break of the day -- reply here once you have had some and I will log it."
2026-07-20T13:50:38Z,13,reminder,"Routine Agent here. Water reminder! Reply here once you have had some and I will log it."
2026-07-20T15:11:16Z,15,reminder,"Routine Agent here. Water reminder! Reply here once you have had some and I will log it."
2026-07-20T16:34:13Z,16,reminder,"Routine Agent here. Water reminder! Reply here once you have had some and I will log it."
2026-07-20T17:50:42Z,17,reminder,"Routine Agent here. Water reminder! Reply here once you have had some and I will log it."
2026-07-20T19:11:20Z,19,reminder,"Routine Agent here. Water reminder! Reply here once you have had some and I will log it."
2026-07-20T20:34:04Z,20,reminder,"Routine Agent here. Water reminder! Reply here once you have had some and I will log it."
2026-07-20T20:34:24Z,20,reply,"Yes"
2026-07-20T21:51:39Z,21,reminder,"Routine Agent here. Water reminder! Reply here once you have had some and I will log it."
2026-07-20T23:10:54Z,23,reminder,"Routine Agent here. Water reminder! Reply here once you have had some and I will log it."
2026-07-21T00:34:05Z,00,reminder,"Routine Agent here. Water reminder! Reply here once you have had some and I will log it."
2026-07-21T01:51:08Z,01,reminder,"Routine Agent here. Water reminder! Reply here once you have had some and I will log it."
2026-07-21T03:10:56Z,03,reply,"Yes"
2026-07-21T03:10:56Z,03,reminder,"Routine Agent here. Water reminder! Reply here once you have had some and I will log it."
2026-07-21T12:34:51Z,12,reply,"Yes"
2026-07-21T12:34:51Z,12,morning,"Good morning!! I am Routine Agent. Time for your first water break of the day -- reply here once you have had some and I will log it."
2026-07-21T13:51:23Z,13,reminder,"Routine Agent here. Water reminder! Reply here once you have had some and I will log it."
2026-07-21T15:11:06Z,15,reminder,"Routine Agent here. Water reminder! Reply here once you have had some and I will log it."
2026-07-21T16:33:57Z,16,reply,"Yes"
2026-07-21T16:33:57Z,16,reminder,"Routine Agent here. Water reminder! Reply here once you have had some and I will log it."
